{
  "config": {
    "configFile": "/Users/lucky/Documents/Playwright/CODEBASE/PlaywrightBasics/playwright.config.ts",
    "rootDir": "/Users/lucky/Documents/Playwright/CODEBASE/PlaywrightBasics/tests",
    "forbidOnly": false,
    "fullyParallel": true,
    "globalSetup": null,
    "globalTeardown": null,
    "globalTimeout": 0,
    "grep": {},
    "grepInvert": null,
    "maxFailures": 0,
    "metadata": {
      "actualWorkers": 4
    },
    "preserveOutput": "always",
    "reporter": [
      [
        "json",
        {
          "outputFile": "results.json"
        }
      ],
      [
        "html",
        null
      ],
      [
        "dot",
        null
      ],
      [
        "line",
        null
      ],
      [
        "junit",
        {
          "outputFile": "results.xml"
        }
      ]
    ],
    "reportSlowTests": {
      "max": 5,
      "threshold": 300000
    },
    "quiet": false,
    "projects": [
      {
        "outputDir": "/Users/lucky/Documents/Playwright/CODEBASE/PlaywrightBasics/test-results",
        "repeatEach": 1,
        "retries": 2,
        "metadata": {
          "actualWorkers": 4
        },
        "id": "chromium",
        "name": "chromium",
        "testDir": "/Users/lucky/Documents/Playwright/CODEBASE/PlaywrightBasics/tests",
        "testIgnore": [],
        "testMatch": [
          "**/*.@(spec|test).?(c|m)[jt]s?(x)"
        ],
        "timeout": 5000
      }
    ],
    "shard": null,
    "updateSnapshots": "missing",
    "updateSourceMethod": "patch",
    "version": "1.55.0",
    "workers": 4,
    "webServer": null
  },
  "suites": [
    {
      "title": "Assertions4.spec.ts",
      "file": "Assertions4.spec.ts",
      "column": 0,
      "line": 0,
      "specs": [
        {
          "title": "Assertion test 1",
          "ok": true,
          "tags": [],
          "tests": [
            {
              "timeout": 5000,
              "annotations": [],
              "expectedStatus": "passed",
              "projectId": "chromium",
              "projectName": "chromium",
              "results": [
                {
                  "workerIndex": 0,
                  "parallelIndex": 0,
                  "status": "passed",
                  "duration": 1088,
                  "errors": [],
                  "stdout": [],
                  "stderr": [],
                  "retry": 0,
                  "startTime": "2025-09-28T10:53:48.049Z",
                  "annotations": [],
                  "attachments": [
                    {
                      "name": "video",
                      "contentType": "video/webm",
                      "path": "/Users/lucky/Documents/Playwright/CODEBASE/PlaywrightBasics/test-results/Assertions4-Assertion-test-1-chromium/video.webm"
                    }
                  ]
                }
              ],
              "status": "expected"
            }
          ],
          "id": "f4860d627ce4889441d1-4e78f403cee68014c1a0",
          "file": "Assertions4.spec.ts",
          "line": 4,
          "column": 5
        },
        {
          "title": "Assertion test 2",
          "ok": true,
          "tags": [],
          "tests": [
            {
              "timeout": 5000,
              "annotations": [],
              "expectedStatus": "passed",
              "projectId": "chromium",
              "projectName": "chromium",
              "results": [
                {
                  "workerIndex": 1,
                  "parallelIndex": 1,
                  "status": "passed",
                  "duration": 937,
                  "errors": [],
                  "stdout": [],
                  "stderr": [],
                  "retry": 0,
                  "startTime": "2025-09-28T10:53:48.055Z",
                  "annotations": [],
                  "attachments": [
                    {
                      "name": "video",
                      "contentType": "video/webm",
                      "path": "/Users/lucky/Documents/Playwright/CODEBASE/PlaywrightBasics/test-results/Assertions4-Assertion-test-2-chromium/video.webm"
                    }
                  ]
                }
              ],
              "status": "expected"
            }
          ],
          "id": "f4860d627ce4889441d1-b4eb9da7758a377d22be",
          "file": "Assertions4.spec.ts",
          "line": 19,
          "column": 5
        },
        {
          "title": "Assertion test 3",
          "ok": true,
          "tags": [],
          "tests": [
            {
              "timeout": 5000,
              "annotations": [],
              "expectedStatus": "passed",
              "projectId": "chromium",
              "projectName": "chromium",
              "results": [
                {
                  "workerIndex": 2,
                  "parallelIndex": 2,
                  "status": "passed",
                  "duration": 967,
                  "errors": [],
                  "stdout": [],
                  "stderr": [],
                  "retry": 0,
                  "startTime": "2025-09-28T10:53:48.051Z",
                  "annotations": [],
                  "attachments": [
                    {
                      "name": "video",
                      "contentType": "video/webm",
                      "path": "/Users/lucky/Documents/Playwright/CODEBASE/PlaywrightBasics/test-results/Assertions4-Assertion-test-3-chromium/video.webm"
                    }
                  ]
                }
              ],
              "status": "expected"
            }
          ],
          "id": "f4860d627ce4889441d1-adbccb5319673dd38b72",
          "file": "Assertions4.spec.ts",
          "line": 29,
          "column": 5
        },
        {
          "title": "Assertion test 4",
          "ok": true,
          "tags": [],
          "tests": [
            {
              "timeout": 5000,
              "annotations": [],
              "expectedStatus": "passed",
              "projectId": "chromium",
              "projectName": "chromium",
              "results": [
                {
                  "workerIndex": 3,
                  "parallelIndex": 3,
                  "status": "passed",
                  "duration": 965,
                  "errors": [],
                  "stdout": [],
                  "stderr": [],
                  "retry": 0,
                  "startTime": "2025-09-28T10:53:48.049Z",
                  "annotations": [],
                  "attachments": [
                    {
                      "name": "video",
                      "contentType": "video/webm",
                      "path": "/Users/lucky/Documents/Playwright/CODEBASE/PlaywrightBasics/test-results/Assertions4-Assertion-test-4-chromium/video.webm"
                    }
                  ]
                }
              ],
              "status": "expected"
            }
          ],
          "id": "f4860d627ce4889441d1-7b3d5fe4da5ccd203af9",
          "file": "Assertions4.spec.ts",
          "line": 44,
          "column": 5
        }
      ]
    }
  ],
  "errors": [],
  "stats": {
    "startTime": "2025-09-28T10:53:47.670Z",
    "duration": 1798.0729999999999,
    "expected": 4,
    "skipped": 0,
    "unexpected": 0,
    "flaky": 0
  }
}